generation, best seeker, average seeker, best avoider, average avoider
0, 3761, 2736.875, 6621, 1207.09375
1, 3691, 2570.6875, 6767, 1275.8125
2, 3718, 2804.875, 6869, 1030.546875
3, 3794, 2932.0, 6784, 696.625
4, 3688, 2707.375, 6781, 918.984375
5, 3674, 2679.5625, 6807, 1357.203125
6, 3782, 2868.0625, 6773, 809.984375
7, 3513, 2583.625, 6724, 1395.703125
8, 3667, 3037.375, 6537, 515.71875
9, 3856, 2831.8125, 6910, 946.359375
10, 3704, 2596.5, 6641, 1256.375
11, 3726, 2819.25, 6744, 1192.953125
12, 3650, 2600.6875, 6865, 1424.203125
13, 3639, 2677.125, 6880, 1444.40625
14, 3569, 2821.8125, 6633, 1017.375
15, 3700, 3048.375, 6649, 681.359375
16, 3779, 2807.75, 6839, 1095.53125
17, 3741, 2672.5625, 6759, 1072.09375
18, 3746, 2937.375, 6909, 841.78125
19, 3751, 2899.875, 6645, 938.296875
20, 3764, 2960.0625, 6296, 708.15625
21, 3657, 2671.4375, 6714, 1251.0
22, 3688, 2876.6875, 6421, 907.09375
23, 3724, 2880.6875, 6833, 764.109375
24, 3745, 2762.0, 6744, 1279.71875
25, 3794, 2897.9375, 6663, 918.1875
26, 3736, 2796.3125, 6861, 1065.53125
27, 3620, 3061.375, 6769, 604.78125
28, 3652, 2669.8125, 6611, 1167.921875
29, 3784, 2891.4375, 6796, 941.328125
30, 3778, 2946.5625, 6789, 857.796875
31, 3716, 2973.4375, 6567, 712.421875
32, 3837, 2698.875, 6756, 876.765625
33, 3700, 2806.9375, 6815, 1004.671875
34, 3790, 3018.9375, 6454, 658.203125
35, 3708, 2742.0625, 6836, 1340.375
36, 3815, 2980.5625, 6695, 648.6875
37, 3739, 3190.875, 6829, 378.0
38, 3755, 2984.5, 6914, 572.65625
39, 3648, 2781.5625, 6308, 946.4375
40, 3696, 2977.4375, 6904, 680.3125
41, 3820, 2844.125, 6769, 788.9375
42, 3672, 3030.9375, 6353, 451.578125
43, 3724, 3056.5, 6774, 762.0625
44, 3805, 3029.5625, 6773, 859.484375
45, 3678, 2979.375, 6270, 847.421875
46, 3826, 2869.0, 6790, 1049.609375
47, 3568, 2666.625, 6892, 951.9375
48, 3528, 2814.25, 6869, 1035.59375
49, 3825, 2739.4375, 6837, 1329.171875
50, 3655, 2892.5, 6775, 955.46875
51, 3347, 2513.25, 6446, 1218.1875
52, 3658, 2689.25, 6729, 1224.125
53, 3698, 2678.0625, 6794, 983.828125
54, 3721, 2721.4375, 6539, 1063.734375
55, 3723, 2888.3125, 6852, 847.578125
56, 3795, 2742.625, 6776, 930.859375
57, 3750, 2915.3125, 6736, 668.09375
58, 3650, 2828.4375, 6780, 833.46875
59, 3715, 2731.4375, 6570, 1167.75
60, 3708, 2815.75, 6907, 1083.28125
61, 3700, 2736.1875, 6683, 826.765625
62, 3771, 2712.5625, 6623, 1089.53125
63, 3729, 3065.375, 5328, 560.875
64, 3799, 2828.5, 6814, 1071.078125
65, 3664, 2585.375, 6766, 1417.8125
66, 3684, 2947.6875, 6321, 756.4375
67, 3680, 2822.0, 6484, 1112.1875
68, 3737, 2935.0625, 6771, 772.296875
69, 3568, 2853.9375, 6899, 994.375
70, 3612, 2767.9375, 6578, 1127.21875
71, 3715, 2725.6875, 6724, 879.4375
72, 3755, 2860.5, 6519, 1048.984375
73, 3678, 2873.875, 6783, 792.0
74, 3610, 2994.3125, 6469, 665.171875
75, 3759, 2950.5625, 6696, 813.09375
76, 3717, 2874.0625, 6748, 899.640625
77, 3824, 2840.5625, 6598, 1024.78125
78, 3740, 2916.3125, 6791, 856.03125
79, 3760, 2823.4375, 6674, 1120.921875
80, 3668, 2864.0, 6709, 1039.453125
81, 3729, 2766.5, 6240, 809.765625
82, 3706, 2833.125, 6745, 912.921875
83, 3540, 2773.1875, 6860, 1054.328125
84, 3792, 2894.5, 6772, 687.796875
85, 3484, 2561.875, 6636, 1186.546875
86, 3816, 3040.75, 6717, 674.59375
87, 3641, 2782.8125, 6760, 1052.96875
88, 3731, 2955.5, 6694, 650.796875
89, 3688, 2820.5, 6732, 945.6875
90, 3690, 2704.0625, 6824, 1216.609375
91, 3638, 3033.6875, 6603, 929.703125
92, 3575, 2864.375, 6866, 1100.375
93, 3813, 2918.9375, 6693, 858.875
94, 3638, 2764.1875, 6813, 1089.375
95, 3602, 2873.5, 6231, 974.1875
96, 3811, 3060.8125, 6586, 706.578125
97, 3807, 3118.5, 6614, 601.015625
98, 3780, 2891.125, 6670, 872.75
99, 3498, 2655.1875, 6516, 1090.0
100, 3652, 2924.625, 6644, 783.359375
101, 3618, 2777.6875, 6821, 1129.34375
102, 3828, 2985.25, 6828, 944.921875
103, 3749, 2803.8125, 6831, 1192.546875
104, 3843, 2911.5, 6782, 660.46875
105, 3526, 2922.4375, 6754, 960.421875
106, 3796, 2803.75, 6778, 866.0
107, 3529, 2648.4375, 6817, 1300.75
108, 3785, 2905.25, 6700, 827.421875
109, 3802, 2802.875, 6735, 918.953125
110, 3656, 2913.6875, 6806, 893.984375
111, 3661, 2751.5, 6729, 972.859375
112, 3853, 3030.1875, 6905, 680.40625
113, 3731, 2909.3125, 6890, 679.171875
114, 3595, 3051.3125, 6685, 609.34375
115, 3733, 2727.875, 6801, 1266.546875
116, 3814, 2779.9375, 6879, 1214.859375
117, 3614, 2767.375, 6516, 910.921875
118, 3455, 2697.5625, 6147, 1054.359375
119, 3814, 2861.375, 6887, 899.09375
120, 3688, 2846.0, 6892, 896.765625
121, 3667, 2867.1875, 6812, 827.34375
122, 3604, 2872.8125, 6774, 933.734375
123, 3700, 2760.0625, 6746, 952.3125
124, 3806, 2776.75, 6745, 1064.953125
125, 3618, 2702.8125, 6760, 1140.859375
126, 3480, 2616.6875, 6510, 1283.578125
127, 3663, 2746.8125, 6816, 1111.0
128, 3694, 3081.4375, 6776, 539.890625
129, 3678, 2512.375, 6780, 1066.96875
130, 3789, 2799.5, 6681, 980.1875
131, 3759, 2776.8125, 6718, 1091.828125
132, 3573, 2702.3125, 6716, 1101.03125
133, 3815, 2850.0, 6627, 739.453125
134, 3714, 2786.6875, 6575, 946.96875
135, 3717, 2749.75, 6680, 725.640625
136, 3772, 2711.125, 6825, 1248.171875
137, 3628, 2700.9375, 6690, 1148.3125
138, 3695, 2954.25, 6779, 802.453125
139, 3783, 2915.75, 6855, 756.703125
140, 3682, 2664.125, 6766, 985.875
141, 3793, 2848.8125, 6862, 1122.546875
142, 3617, 2752.0625, 6574, 982.84375
143, 3803, 2904.9375, 6754, 1073.828125
144, 3758, 3039.5, 6121, 643.4375
145, 3617, 2690.8125, 6750, 1233.53125
146, 3550, 2902.0625, 6763, 810.078125
147, 3736, 2773.6875, 6750, 922.828125
148, 3780, 2578.875, 6711, 1455.140625
149, 3721, 2836.875, 6886, 1103.515625
150, 3601, 2781.0, 6719, 960.09375
151, 3691, 2792.125, 6799, 961.859375
152, 3754, 2651.375, 6871, 1298.625
153, 3653, 3000.125, 6698, 826.984375
154, 3767, 2992.25, 6888, 783.90625
155, 3796, 2894.6875, 6682, 774.421875
156, 3791, 2970.1875, 6741, 689.625
157, 3682, 2887.5625, 6718, 1006.8125
158, 3478, 2786.875, 6856, 1051.9375
159, 3635, 2889.4375, 6411, 790.71875
160, 3691, 2975.9375, 6797, 860.3125
161, 3793, 3233.125, 6814, 484.0
162, 3737, 2948.0, 6441, 674.3125
163, 3721, 3168.75, 6800, 635.75
164, 3580, 2776.1875, 6642, 943.234375
165, 3337, 2755.625, 6815, 1292.828125
166, 3807, 2808.1875, 6783, 1065.453125
167, 3758, 2632.3125, 6904, 1376.1875
168, 3810, 2920.4375, 6890, 885.203125
169, 3767, 2953.625, 6860, 854.078125
170, 3776, 3039.375, 6704, 792.625
171, 3772, 3068.6875, 6819, 645.3125
172, 3637, 2652.6875, 6507, 1105.421875
173, 3751, 2948.5625, 6192, 786.09375
174, 3667, 2947.3125, 6701, 760.96875
175, 3678, 2811.125, 6670, 944.46875
176, 3815, 3030.75, 6605, 771.8125
177, 3794, 2696.6875, 6517, 970.78125
178, 3578, 2878.4375, 6567, 803.015625
179, 3772, 2765.9375, 6796, 921.703125
180, 3661, 2746.875, 6677, 765.25
181, 3578, 2777.25, 6507, 886.875
182, 3793, 3035.5625, 6746, 532.703125
183, 3669, 2687.125, 6867, 1210.5625
184, 3717, 2852.125, 6644, 685.9375
185, 3612, 2758.6875, 6674, 1212.5625
186, 3539, 2609.125, 6786, 1261.84375
187, 3654, 2991.4375, 6553, 743.671875
188, 3677, 3086.25, 6875, 697.640625
189, 3738, 2839.0625, 6770, 968.609375
190, 3815, 2686.25, 6892, 1060.5
191, 3628, 2674.125, 6877, 1075.1875
192, 3650, 2874.25, 6816, 835.203125
193, 3665, 2670.1875, 6904, 1249.359375
194, 3756, 3020.0625, 6809, 711.921875
195, 3305, 2726.125, 6847, 1033.484375
196, 3700, 3010.0, 6699, 624.671875
197, 3755, 2986.6875, 6594, 703.625
198, 3508, 2725.25, 6899, 1093.640625
199, 3774, 2829.6875, 6290, 842.625
200, 3829, 3023.8125, 6615, 655.125
201, 3846, 3044.625, 6783, 838.59375
202, 3680, 2995.9375, 6450, 458.3125
203, 3688, 2752.75, 6770, 818.9375
204, 3773, 2779.125, 6699, 1108.84375
205, 3514, 2589.0, 6701, 1258.484375
206, 3855, 2844.25, 6362, 901.359375
207, 3651, 2968.875, 6362, 573.96875
208, 3535, 2751.3125, 6595, 819.125
209, 3403, 2674.0625, 6859, 1181.53125
210, 3726, 2853.4375, 6873, 889.578125
211, 3724, 2876.5, 6764, 670.640625
212, 3790, 3006.8125, 6642, 792.5
213, 3616, 2534.125, 6889, 1407.015625
214, 3742, 3084.875, 6714, 529.359375
215, 3758, 2976.5625, 6756, 899.21875
216, 3845, 2646.1875, 6628, 1149.78125
217, 3768, 2945.25, 5773, 778.015625
218, 3638, 2879.1875, 6829, 756.375
219, 3814, 2880.0, 6753, 898.40625
220, 3675, 2624.0625, 6734, 903.203125
221, 3717, 2659.1875, 6700, 1224.234375
222, 3694, 2747.4375, 6746, 1119.015625
223, 3719, 2775.25, 6710, 1177.078125
224, 3849, 2835.25, 6793, 916.53125
225, 3681, 2846.8125, 6722, 1006.078125
226, 3787, 2817.1875, 6343, 840.0
227, 3448, 2637.1875, 6810, 1402.125
228, 3704, 2658.4375, 6822, 1433.140625
229, 3673, 2802.5, 6287, 944.453125
230, 3746, 2814.1875, 6720, 966.03125
231, 3263, 2600.4375, 6468, 1045.609375
232, 3747, 2903.125, 6741, 640.734375
233, 3736, 2631.0, 6869, 1477.8125
234, 3621, 2748.1875, 6753, 1022.953125
235, 3652, 2891.8125, 6767, 1004.328125
236, 3690, 2823.875, 6856, 900.34375
237, 3536, 2871.0625, 6700, 941.53125
238, 3779, 2694.1875, 6653, 1186.453125
239, 3559, 2792.4375, 6716, 1080.546875
240, 3608, 2793.6875, 6802, 1089.125
241, 3723, 2700.9375, 6623, 1029.140625
242, 3689, 3045.25, 6340, 595.390625
243, 3813, 3099.125, 6874, 697.640625
244, 3834, 2969.875, 6796, 709.234375
245, 3321, 2770.5, 6717, 955.046875
246, 3853, 2909.75, 6672, 942.53125
247, 3684, 2661.75, 6752, 1224.0625
248, 3712, 2987.75, 6899, 778.1875
249, 3515, 2793.1875, 6767, 965.90625
250, 3636, 2853.9375, 6850, 742.484375
251, 3689, 2814.3125, 6717, 1151.4375
252, 3669, 2995.125, 6312, 829.78125
253, 3775, 2873.8125, 6659, 1002.421875
254, 3651, 2837.1875, 6784, 957.390625
255, 3579, 2948.5, 6517, 530.71875
256, 3779, 2973.0, 6645, 817.609375
257, 3441, 2703.125, 6704, 1036.921875
258, 3903, 3005.0, 6510, 732.0
259, 3759, 2783.375, 6697, 1051.421875
260, 3613, 3050.625, 6873, 796.40625
261, 3774, 2822.875, 6869, 1098.078125
262, 3705, 2818.25, 6814, 1204.265625
263, 3803, 3256.875, 6531, 437.203125
264, 3683, 2996.8125, 6834, 980.671875
265, 3731, 2904.875, 6884, 703.28125
266, 3805, 2574.875, 6785, 1433.09375
267, 3733, 2757.6875, 6399, 1020.390625
268, 3575, 2596.5, 6848, 1162.9375
269, 3350, 2649.8125, 6894, 1167.125
270, 3811, 2870.875, 6444, 819.984375
271, 3770, 2854.375, 6589, 848.171875
272, 3745, 2731.375, 6832, 1047.046875
273, 3639, 2938.0, 6661, 842.796875
274, 3745, 3131.5625, 6491, 496.171875
275, 3682, 2927.25, 6606, 1077.296875
276, 3788, 3040.5625, 6767, 700.25
277, 3874, 2808.5625, 6917, 1222.171875
278, 3637, 2886.375, 6786, 944.3125
279, 3778, 2781.875, 6674, 979.828125
280, 3700, 2549.125, 6802, 1257.203125
281, 3710, 2801.5, 6580, 813.0
282, 3810, 2890.4375, 6134, 759.125
283, 3668, 2792.625, 6617, 923.203125
284, 3678, 2795.625, 6286, 985.0
285, 3761, 2909.0625, 6844, 847.21875
286, 3763, 2898.375, 6872, 998.28125
287, 3679, 2898.8125, 6710, 671.53125
288, 3768, 2776.875, 6750, 1087.828125
289, 3702, 2802.8125, 6545, 1122.5
290, 3774, 2864.625, 6841, 1006.25
291, 3804, 2973.4375, 6607, 901.65625
292, 3836, 3257.1875, 6191, 402.78125
293, 3588, 2724.125, 6706, 917.515625
294, 3487, 2772.5, 6370, 869.1875
295, 3838, 2830.625, 6864, 1085.0
296, 3644, 2797.0625, 6914, 1026.65625
297, 3783, 2927.5625, 6620, 855.953125
298, 3778, 2732.4375, 6769, 1050.03125
299, 3593, 2782.625, 6914, 1151.484375
300, 3362, 2667.9375, 6869, 1306.28125
301, 3782, 2881.5625, 6321, 644.078125
302, 3503, 2558.5625, 6892, 1280.640625
303, 3601, 2733.5, 6894, 1174.625
304, 3718, 2909.125, 6666, 627.40625
305, 3680, 2582.4375, 6754, 1288.96875
306, 3710, 3036.4375, 6839, 840.5
307, 3799, 2758.8125, 6759, 1212.6875
308, 3699, 2674.5625, 6892, 1165.078125
309, 3476, 2691.75, 6746, 1034.078125
310, 3767, 2927.5, 6882, 681.640625
311, 3761, 2723.0625, 6909, 1215.46875
312, 3674, 2682.9375, 6854, 1313.78125
313, 3723, 2974.5, 6777, 695.5625
314, 3634, 2790.125, 6763, 1041.046875
315, 3752, 2676.25, 6739, 1119.640625
316, 3217, 2629.3125, 6610, 1146.578125
317, 3478, 2692.125, 6865, 1267.859375
318, 3536, 2538.8125, 6788, 1371.078125
319, 3765, 3074.0625, 6592, 591.796875
320, 3579, 2696.9375, 6610, 935.671875
321, 3744, 2722.0, 6845, 1220.296875
322, 3537, 2761.875, 6568, 894.390625
323, 3632, 2753.625, 6803, 1185.96875
324, 3747, 2959.375, 6600, 757.28125
325, 3769, 2641.3125, 6705, 1288.234375
326, 3653, 2875.375, 6866, 753.25
327, 3390, 2717.0, 6825, 983.796875
328, 3737, 2770.5625, 6845, 1035.34375
329, 3800, 2825.8125, 6804, 993.109375
330, 3725, 3073.875, 6817, 806.34375
331, 3735, 2652.8125, 6687, 1226.484375
332, 3575, 2947.3125, 6824, 971.90625
333, 3792, 3070.75, 6695, 462.71875
334, 3599, 2877.75, 6844, 1230.15625
335, 3792, 2899.25, 6864, 1067.09375
336, 3829, 2992.625, 6167, 590.03125
337, 3702, 2778.3125, 6666, 1129.15625
338, 3691, 2886.5625, 6840, 926.609375
339, 3753, 2905.6875, 6909, 825.96875
340, 3656, 2894.0, 6794, 1174.9375
341, 3727, 2796.9375, 6757, 906.5
342, 3591, 2726.4375, 6715, 1177.078125
343, 3742, 2901.1875, 6666, 966.796875
344, 3802, 2814.375, 6820, 1014.953125
345, 3707, 2699.0, 6856, 1093.375
346, 3859, 2900.5625, 6850, 929.640625
347, 3681, 2792.625, 6867, 1178.421875
348, 3664, 2743.875, 6800, 1055.453125
349, 3743, 2971.0, 6826, 948.859375
350, 3706, 2977.5625, 6623, 823.265625
351, 3627, 2566.875, 6892, 1252.859375
352, 3783, 2885.3125, 6746, 933.78125
353, 3777, 2983.1875, 6592, 904.90625
354, 3840, 2884.0625, 6559, 940.921875
355, 3621, 2814.0625, 6769, 1159.046875
356, 3668, 3000.6875, 6867, 820.828125
357, 3730, 2855.5625, 6876, 885.703125
358, 3535, 2864.25, 6758, 1127.703125
359, 3772, 3036.25, 6865, 777.25
360, 3548, 2908.6875, 6771, 926.796875
361, 3712, 3042.4375, 6760, 670.84375
362, 3755, 3001.875, 6841, 588.6875
363, 3849, 2848.3125, 6576, 678.65625
364, 3784, 2946.125, 6690, 1014.390625
365, 3758, 2774.3125, 6654, 970.171875
366, 3700, 3012.1875, 6717, 694.796875
367, 3688, 2843.6875, 6712, 1175.765625
368, 3750, 3032.0, 6715, 567.203125
369, 3885, 2972.4375, 6831, 826.1875
370, 3759, 2873.4375, 6824, 916.453125
371, 3799, 2947.75, 6705, 838.765625
372, 3344, 2544.375, 6836, 1340.6875
373, 3691, 2847.3125, 6904, 725.1875
374, 3744, 2886.375, 6882, 1037.96875
375, 3802, 2816.25, 6755, 773.203125
376, 3856, 2909.875, 6802, 799.984375
377, 3450, 2986.9375, 6514, 723.5
378, 3794, 2878.5625, 6753, 913.71875
379, 3740, 2998.0625, 6547, 744.859375
380, 3269, 2551.375, 6850, 1321.1875
381, 3760, 2780.5625, 6708, 998.1875
382, 3368, 2465.9375, 6808, 1417.28125
383, 3566, 2747.0, 6731, 1203.28125
384, 3805, 2801.6875, 6706, 1133.59375
385, 3648, 2893.4375, 6755, 981.03125
386, 3784, 2771.0625, 6592, 1027.671875
387, 3628, 2831.5625, 6705, 834.21875
388, 3807, 2830.1875, 6841, 835.21875
389, 3600, 2555.125, 6882, 1313.0
390, 3612, 2906.1875, 6764, 847.609375
391, 3734, 2774.375, 6702, 967.15625
392, 3798, 2812.625, 6736, 968.546875
393, 3622, 2511.875, 6668, 1124.34375
394, 3739, 2646.3125, 6693, 1190.125
395, 3721, 2966.5, 6802, 979.890625
396, 3699, 3058.5, 6732, 663.484375
397, 3610, 2807.0, 6607, 1003.390625
398, 3515, 2753.0, 6653, 890.375
399, 3755, 2487.1875, 6864, 1507.125
400, 3776, 2848.625, 6632, 1092.984375
401, 3734, 3076.375, 6846, 563.921875
402, 3674, 2651.8125, 6620, 1130.953125
403, 3661, 2706.1875, 6641, 1169.671875
404, 3723, 2936.875, 6700, 911.0625
405, 3737, 3168.0625, 6127, 427.046875
406, 3431, 2818.25, 6812, 1173.171875
407, 3708, 2768.875, 6731, 664.515625
408, 3825, 2958.0, 6685, 754.421875
409, 3783, 2997.6875, 6744, 654.4375
410, 3788, 2891.875, 6317, 741.46875
411, 3554, 2697.5, 6913, 1202.453125
412, 3702, 2930.0, 6753, 952.953125
413, 3791, 2721.4375, 6723, 976.0625
414, 3673, 2785.125, 6751, 1064.9375
415, 3554, 2814.4375, 6769, 1005.96875
416, 3636, 2529.0625, 6882, 1402.28125
417, 3592, 2849.9375, 6892, 934.703125
418, 3709, 2878.9375, 6629, 1056.109375
419, 3799, 2966.4375, 6629, 771.15625
420, 3380, 2745.875, 6686, 1022.109375
421, 3658, 2700.5625, 6830, 1183.953125
422, 3779, 2868.625, 6630, 888.890625
423, 3724, 2854.5, 6719, 621.609375
424, 3758, 2760.625, 6869, 1404.25
425, 3823, 2796.0625, 6626, 1049.34375
426, 3736, 3006.75, 6671, 635.21875
427, 3847, 2853.6875, 6436, 721.75
428, 3732, 2814.5, 6682, 975.859375
429, 3808, 2707.625, 6657, 824.078125
430, 3731, 2767.375, 6821, 792.53125
431, 3702, 2830.3125, 6745, 1230.46875
432, 3856, 2851.25, 6817, 979.765625
433, 3678, 2557.3125, 6660, 1332.734375
434, 3792, 3077.75, 6732, 841.875
435, 3731, 2753.875, 6879, 1222.5625
436, 3605, 2908.1875, 6619, 809.015625
437, 3789, 2484.0625, 6794, 1380.984375
438, 3735, 2752.375, 6646, 1172.53125
439, 3506, 2768.125, 6660, 1009.109375
440, 3656, 3005.4375, 6638, 614.0
441, 3669, 2978.8125, 6713, 953.0625
442, 3642, 2854.375, 6554, 960.484375
443, 3809, 2864.375, 6561, 937.640625
444, 3694, 2930.1875, 6604, 889.78125
445, 3656, 2705.75, 6895, 1201.5625
446, 3836, 2924.9375, 6894, 920.609375
447, 3708, 2812.125, 6520, 1053.78125
448, 3704, 2977.1875, 6824, 766.046875
449, 3506, 2668.5625, 6850, 985.84375
450, 3640, 2658.375, 6846, 1176.65625
451, 3555, 2581.6875, 6804, 1398.015625
452, 3865, 2765.6875, 6716, 1050.75
453, 3850, 2719.0, 6650, 1253.90625
454, 3738, 3001.5, 6668, 679.203125
455, 3802, 2957.9375, 6774, 704.125
456, 3734, 3057.625, 6726, 770.453125
457, 3778, 2948.6875, 6772, 763.828125
458, 3539, 2662.6875, 6599, 1075.6875
459, 3548, 2675.3125, 6856, 1228.65625
460, 3685, 2860.0, 6826, 1114.203125
461, 3809, 2731.125, 6782, 845.8125
462, 3723, 3008.125, 6682, 505.0
463, 3748, 2964.0, 6323, 703.296875
464, 3763, 3031.25, 6792, 839.96875
465, 3764, 2729.25, 6486, 1221.65625
466, 3768, 2957.3125, 6585, 857.59375
467, 3746, 2914.5, 6720, 973.0625
468, 3745, 2710.125, 6839, 1026.28125
469, 3786, 2853.625, 6765, 874.734375
470, 3650, 2632.875, 6810, 1162.953125
471, 3777, 2814.4375, 6345, 857.8125
472, 3815, 3063.875, 6642, 820.8125
473, 3679, 3084.25, 6807, 624.625
474, 3732, 2978.875, 6789, 754.625
475, 3807, 2887.5, 6804, 876.984375
476, 3713, 2782.9375, 6607, 1041.3125
477, 3708, 2737.375, 6606, 1079.953125
478, 3684, 2821.8125, 6726, 1136.71875
479, 3690, 2881.6875, 6771, 906.609375
480, 3619, 2438.75, 6439, 1149.453125
481, 3623, 2779.875, 6687, 964.03125
482, 3788, 3049.75, 6630, 478.171875
483, 3790, 2657.375, 6899, 1140.15625
484, 3824, 2968.9375, 6912, 704.453125
485, 3706, 3037.4375, 6759, 674.3125
486, 3484, 2801.9375, 6703, 659.8125
487, 3804, 2645.375, 6772, 1422.78125
488, 3689, 2830.6875, 6866, 775.96875
489, 3652, 3043.0625, 6851, 632.359375
490, 3700, 2762.5, 6740, 1105.15625
491, 3695, 2756.0625, 6857, 1066.4375
492, 3706, 2955.375, 6824, 1019.078125
493, 3498, 2762.4375, 6744, 1156.15625
494, 3706, 3033.6875, 6804, 650.859375
495, 3694, 2873.4375, 6791, 881.046875
496, 3744, 2980.5625, 6734, 938.171875
497, 3800, 3012.9375, 6872, 753.28125
498, 3818, 2953.75, 6766, 783.75
499, 3762, 2967.5, 6621, 761.671875
500, 3715, 2929.75, 6715, 951.203125
501, 3736, 2816.4375, 6856, 1014.578125
502, 3702, 2911.3125, 6405, 748.9375
503, 3541, 2687.1875, 6702, 948.546875
504, 3838, 3019.5, 6747, 730.96875
505, 3753, 2710.25, 6726, 1307.984375
506, 3656, 2838.875, 6840, 1054.09375
507, 3801, 3059.75, 6700, 727.9375
508, 3763, 2961.75, 6752, 787.71875
509, 3531, 2673.25, 6709, 1401.265625
510, 3834, 2802.0625, 6890, 954.921875
511, 3711, 2789.8125, 6778, 775.4375
512, 3838, 2673.375, 6855, 1230.96875
513, 3745, 2748.4375, 6685, 1074.796875
514, 3735, 2664.75, 6578, 1028.359375
515, 3812, 2885.1875, 6774, 1006.828125
516, 3504, 2657.0, 6592, 1301.46875
517, 3710, 2844.375, 6880, 1085.765625
518, 3813, 2849.5, 6811, 858.09375
519, 3785, 2892.5, 6849, 918.515625
520, 3757, 2990.125, 6714, 687.21875
521, 3817, 2924.3125, 6705, 869.78125
522, 3677, 2671.6875, 6797, 1033.71875
523, 3838, 2640.6875, 6642, 1140.921875
524, 3708, 2996.0625, 6787, 813.4375
525, 3722, 2853.8125, 6739, 1004.453125
526, 3502, 2841.25, 6721, 994.203125
527, 3601, 2819.875, 6664, 724.171875
528, 3678, 2890.625, 6802, 836.0
529, 3743, 2833.5, 6686, 783.15625
530, 3526, 2969.5, 6003, 627.578125
531, 3764, 2793.4375, 6856, 1036.171875
532, 3673, 2762.0, 6789, 1115.828125
533, 3807, 2899.3125, 6790, 1061.53125
534, 3795, 2687.4375, 6698, 1086.1875
535, 3590, 2599.9375, 6778, 1187.53125
536, 3672, 3006.3125, 6796, 922.1875
537, 3754, 3003.3125, 6632, 690.765625
538, 3583, 2674.125, 6412, 952.1875
539, 3687, 2868.125, 6715, 985.46875
540, 3669, 2705.5, 6864, 1220.96875
541, 3564, 2753.9375, 6717, 990.046875
542, 3734, 2902.125, 6519, 856.9375
543, 3835, 2801.0, 6780, 1059.796875
544, 3727, 3013.0625, 6647, 669.609375
545, 3755, 3049.75, 6819, 501.578125
546, 3778, 3070.1875, 6782, 615.71875
547, 3684, 2784.25, 6689, 1078.671875
548, 3711, 2777.1875, 6904, 1061.71875
549, 3391, 2534.6875, 6848, 1492.171875
550, 3646, 2872.1875, 6854, 1096.140625
551, 3606, 2770.125, 6791, 1026.6875
552, 3829, 3150.5, 6535, 389.9375
553, 3773, 3149.75, 6333, 452.125
554, 3625, 2610.25, 6651, 1406.703125
555, 3694, 2741.25, 6854, 1238.046875
556, 3766, 2775.375, 6889, 1189.671875
557, 3538, 2645.75, 6792, 1198.78125
558, 3771, 2841.5625, 6511, 1003.765625
559, 3436, 2553.5, 6498, 1253.671875
560, 3817, 2797.625, 6784, 1168.46875
561, 3729, 2855.6875, 6260, 765.109375
562, 3742, 2829.0, 6765, 1062.578125
563, 3759, 2885.25, 6712, 942.21875
564, 3793, 2793.75, 6544, 1038.15625
565, 3667, 2782.375, 6790, 951.46875
566, 3696, 2799.125, 6826, 1126.6875
567, 3691, 2845.9375, 6745, 869.09375
568, 3797, 3174.875, 6348, 426.328125
569, 3515, 2773.0625, 6550, 925.5625
570, 3724, 2818.4375, 6611, 1048.65625
571, 3817, 2953.25, 6502, 800.859375
572, 3716, 2997.5625, 6854, 710.984375
573, 3360, 2770.0, 6801, 1027.609375
574, 3322, 2863.3125, 6891, 703.8125
575, 3563, 2657.875, 6673, 1167.609375
576, 3751, 2795.75, 6781, 1034.21875
577, 3682, 2802.8125, 6883, 889.546875
578, 3580, 2758.3125, 6801, 1226.515625
579, 3519, 2896.25, 6835, 777.5
580, 3840, 2989.5625, 6799, 717.625
581, 3682, 2850.3125, 6576, 945.28125
582, 3571, 2722.125, 6855, 955.109375
583, 3693, 2948.9375, 6850, 863.390625
584, 3649, 3023.3125, 6729, 845.859375
585, 3641, 2556.3125, 6900, 1216.0625
586, 3691, 3070.125, 6823, 857.265625
587, 3918, 2857.375, 6671, 1030.375
588, 3771, 2879.4375, 6833, 1122.71875
589, 3599, 2804.875, 6599, 924.03125
590, 3779, 2897.75, 6571, 760.0
591, 3295, 2595.3125, 6825, 1321.125
592, 3773, 2717.6875, 6870, 1019.8125
593, 3628, 2790.25, 6872, 1114.671875
594, 3660, 2786.1875, 6861, 846.125
595, 3832, 2876.375, 6860, 840.5625
596, 3821, 2749.0, 6647, 1116.75
597, 3511, 2644.625, 6829, 1158.09375
598, 3564, 2622.0625, 6718, 1338.765625
599, 3878, 2815.4375, 6889, 851.453125
600, 3832, 2883.625, 6806, 1007.796875
601, 3617, 3078.5625, 6816, 604.296875
602, 3610, 2730.1875, 6498, 1059.984375
603, 3773, 2823.75, 6398, 1022.453125
604, 3639, 3004.5, 6843, 695.421875
605, 3900, 3091.6875, 6678, 787.40625
606, 3638, 2939.5, 6815, 821.734375
607, 3744, 2809.375, 6815, 1045.015625
608, 3782, 3013.3125, 6660, 645.25
609, 3668, 2712.3125, 6663, 1054.734375
610, 3619, 2945.25, 6575, 775.015625
611, 3766, 3219.125, 6511, 462.484375
612, 3718, 2605.1875, 6811, 1369.828125
613, 3526, 2953.6875, 6654, 673.640625
614, 3798, 2827.5625, 6740, 1004.71875
615, 3593, 2707.625, 6681, 1218.90625
616, 3592, 2811.6875, 6902, 1078.59375
617, 3725, 2832.625, 6795, 750.34375
618, 3737, 2684.125, 6885, 1001.921875
619, 3707, 2901.3125, 6719, 949.65625
620, 3724, 2884.0, 6451, 901.1875
621, 3711, 2833.875, 6321, 831.265625
622, 3734, 3048.9375, 6621, 654.28125
623, 3713, 2822.3125, 6858, 1123.921875
624, 3658, 2787.0625, 6836, 933.53125
625, 3786, 2733.3125, 6479, 1109.625
626, 3756, 2944.5, 6695, 763.390625
627, 3731, 2941.125, 6478, 707.53125
628, 3860, 2876.5625, 6852, 1006.0
629, 3479, 2629.3125, 6874, 1264.34375
630, 3458, 2883.5, 6444, 974.65625
631, 3821, 2872.1875, 6786, 953.171875
632, 3839, 2893.5625, 6811, 903.3125
633, 3856, 2780.6875, 6372, 977.9375
634, 3751, 2801.9375, 6790, 1143.8125
635, 3774, 2851.9375, 6748, 994.546875
636, 3769, 2965.25, 6699, 771.40625
637, 3844, 2853.9375, 6762, 927.421875
638, 3738, 2905.875, 6907, 883.640625
639, 3760, 2758.9375, 6716, 1046.5625
640, 3749, 3019.5625, 6756, 839.0
641, 3713, 2966.625, 6845, 843.671875
642, 3732, 3250.125, 6665, 431.859375
643, 3814, 2914.6875, 6845, 896.171875
644, 3656, 2980.8125, 6877, 801.203125
645, 3731, 3005.4375, 6684, 998.40625
646, 3777, 3017.8125, 6835, 932.671875
647, 3811, 2676.5, 6800, 1173.078125
648, 3771, 2785.3125, 6808, 957.890625
649, 3729, 2987.5625, 6646, 760.859375
650, 3494, 2698.25, 6617, 1094.375
651, 3700, 2875.375, 6727, 796.65625
652, 3585, 2748.5625, 6730, 1355.296875
653, 3810, 2814.125, 6507, 1107.90625
654, 3675, 2645.375, 6759, 1229.6875
655, 3728, 2748.3125, 6835, 1330.953125
656, 3681, 2605.9375, 6730, 1463.140625
657, 3669, 2892.0625, 6586, 550.890625
658, 3825, 2782.375, 6507, 1059.109375
659, 3718, 2568.125, 6723, 1198.109375
660, 3788, 2605.3125, 6805, 1312.03125
661, 3585, 2670.5, 6905, 1215.203125
662, 3702, 2764.3125, 6814, 1195.875
663, 3795, 2914.625, 6869, 795.640625
664, 3723, 2599.75, 6831, 1079.703125
665, 3599, 2850.25, 6754, 912.375
666, 3542, 2740.625, 6561, 1261.625
667, 3714, 2908.6875, 6796, 1019.078125
668, 3706, 2973.25, 6194, 578.859375
669, 3706, 2925.3125, 6402, 886.96875
670, 3572, 2663.5625, 6600, 1151.203125
671, 3757, 2814.5625, 6760, 1091.984375
672, 3642, 2856.6875, 6604, 1036.859375
673, 3716, 2704.8125, 6643, 1126.53125
674, 3779, 2872.8125, 6666, 872.109375
675, 3535, 2857.5625, 6710, 981.359375
676, 3857, 3081.75, 6869, 768.609375
677, 3752, 2821.4375, 6734, 894.59375
678, 3687, 2814.5, 6764, 806.453125
679, 3845, 2833.25, 6841, 891.75
680, 3603, 2961.75, 6175, 595.640625
681, 3798, 2906.875, 6818, 984.65625
682, 3667, 2803.625, 6879, 1030.96875
683, 3735, 2955.25, 6549, 742.21875
684, 3813, 2764.4375, 6571, 1014.0
685, 3764, 2800.6875, 6850, 971.6875
686, 3743, 2842.6875, 6656, 952.8125
687, 3514, 2499.125, 6733, 1201.96875
688, 3612, 2937.8125, 6362, 692.375
689, 3421, 2625.375, 6411, 1236.8125
690, 3578, 2897.4375, 6814, 862.4375
691, 3621, 2850.625, 6635, 813.953125
692, 3816, 2998.0625, 6837, 743.265625
693, 3735, 2829.8125, 6849, 760.046875
694, 3609, 2854.5625, 6684, 936.421875
695, 3822, 2809.6875, 6853, 1118.796875
696, 3639, 2560.0625, 6860, 1271.65625
697, 3774, 2921.4375, 6806, 1079.015625
698, 3743, 3042.5625, 6457, 637.1875
699, 3764, 2961.625, 6769, 762.15625
700, 3757, 2520.0, 6804, 1411.359375
701, 3619, 2838.125, 6847, 991.28125
702, 3822, 3111.0625, 6663, 620.21875
703, 3607, 2667.0, 6423, 845.421875
704, 3718, 2942.125, 6880, 809.765625
705, 3809, 2837.75, 6860, 991.34375
706, 3696, 2948.9375, 6670, 734.046875
707, 3688, 2633.75, 6882, 1401.265625
708, 3794, 2864.25, 6868, 1050.875
709, 3689, 2780.9375, 6627, 1179.078125
710, 3764, 3213.125, 6525, 384.78125
711, 3639, 2907.875, 6839, 818.515625
712, 3458, 2617.75, 6681, 1219.96875
713, 3777, 2813.1875, 6810, 1134.015625
714, 3582, 2978.125, 6639, 822.953125
715, 3797, 2761.5625, 6725, 935.09375
716, 3802, 2768.5625, 6841, 1167.71875
717, 3764, 2783.5625, 6684, 1071.1875
718, 3745, 2747.5, 6872, 1039.984375
719, 3735, 2801.875, 6846, 893.0625
720, 3712, 2818.5, 6904, 1131.703125
721, 3855, 2775.375, 6789, 1176.203125
722, 3549, 2671.8125, 6866, 1363.421875
723, 3720, 3021.6875, 6260, 676.734375
724, 3726, 2764.9375, 6865, 848.546875
725, 3558, 2629.4375, 6834, 1417.640625
726, 3799, 2750.6875, 6590, 856.515625
727, 3740, 2920.75, 6790, 1054.375
728, 3523, 2836.8125, 6827, 796.421875
729, 3793, 3022.8125, 6866, 853.484375
730, 3645, 2861.1875, 6881, 992.203125
731, 3631, 2967.0, 6794, 955.71875
732, 3741, 2648.75, 6811, 1176.109375
733, 3584, 2747.125, 6607, 955.0
734, 3885, 3089.375, 5527, 429.890625
735, 3655, 2777.75, 6761, 1062.734375
736, 3734, 2835.8125, 6780, 915.671875
737, 3692, 2869.9375, 6476, 795.0625
738, 3710, 2881.5, 6691, 1148.296875
739, 3692, 2923.75, 6816, 829.921875
740, 3615, 2585.4375, 6553, 1219.484375
741, 3537, 2647.25, 6701, 1246.078125
742, 3681, 2891.1875, 6844, 759.765625
743, 3708, 2981.3125, 6685, 798.734375
744, 3711, 2952.5625, 6371, 556.390625
745, 3613, 2809.25, 6846, 945.390625
746, 3649, 2789.4375, 6631, 849.8125
747, 3704, 2815.9375, 6586, 919.046875
748, 3884, 2669.3125, 6681, 1155.8125
749, 3615, 2695.0, 6632, 1253.765625
750, 3650, 2908.4375, 6257, 567.234375
751, 3475, 2947.8125, 6064, 735.515625
752, 3668, 2845.25, 6698, 1083.921875
753, 3790, 2968.625, 6529, 710.171875
754, 3774, 2924.875, 6851, 679.921875
755, 3652, 3039.25, 6776, 741.828125
756, 3329, 2560.8125, 6868, 1369.609375
757, 3340, 2792.8125, 6795, 761.15625
758, 3659, 2763.6875, 6604, 1112.921875
759, 3734, 2931.0, 6744, 1006.53125
760, 3874, 2691.8125, 6743, 1106.609375
761, 3671, 2751.125, 6836, 1227.71875
762, 3796, 2972.25, 6703, 737.109375
763, 3842, 2703.75, 6888, 1427.5
764, 3724, 3088.125, 6884, 714.25
765, 3804, 2952.875, 6486, 800.65625
766, 3709, 2632.0, 6811, 1216.03125
767, 3643, 2839.625, 6751, 891.0
768, 3824, 2682.0625, 6817, 1148.4375
769, 3661, 2826.4375, 6486, 908.9375
770, 3692, 2892.4375, 6750, 897.25
771, 3732, 2956.8125, 6243, 614.53125
772, 3752, 2930.875, 6712, 860.28125
773, 3710, 2821.4375, 6585, 853.6875
774, 3747, 3016.5625, 6884, 771.796875
775, 3540, 2739.875, 6775, 1157.65625
776, 3674, 2769.6875, 6741, 811.296875
777, 3664, 2901.8125, 6566, 800.125
778, 3744, 2951.0625, 6695, 628.65625
779, 3768, 2877.0, 6332, 802.859375
780, 3740, 2658.875, 6519, 1095.84375
781, 3672, 2731.3125, 6735, 1351.984375
782, 3724, 3067.1875, 6883, 659.625
783, 3542, 2775.875, 6851, 1246.984375
784, 3693, 2852.1875, 6732, 1130.484375
785, 3500, 2859.9375, 6813, 941.34375
786, 3678, 2941.625, 6581, 729.0625
787, 3865, 2709.4375, 6723, 1183.765625
788, 3667, 2788.0625, 6827, 858.484375
789, 3615, 2978.625, 6778, 834.71875
790, 3607, 2859.3125, 6771, 991.78125
791, 3834, 2767.25, 6742, 1304.671875
792, 3665, 2829.25, 6737, 840.765625
793, 3709, 2720.25, 6704, 1141.859375
794, 3797, 2948.625, 6813, 784.921875
795, 3606, 2555.8125, 6563, 1257.546875
796, 3568, 2515.875, 6839, 1143.578125
797, 3775, 2724.875, 6789, 1171.453125
798, 3663, 2677.9375, 6679, 1068.484375
799, 3781, 2775.5625, 6844, 983.1875
800, 3792, 2811.25, 6761, 949.4375
801, 3776, 2743.1875, 6823, 1159.03125
802, 3774, 3040.0, 6704, 639.53125
803, 3623, 2804.3125, 6868, 805.3125
804, 3812, 2885.5625, 6730, 968.09375
805, 3737, 2728.3125, 6629, 1195.5
806, 3681, 3020.0625, 6667, 697.53125
807, 3743, 2908.5, 6820, 875.09375
808, 3624, 2993.0, 6864, 732.609375
809, 3816, 2789.25, 6530, 929.65625
810, 3762, 2960.125, 6456, 915.65625
811, 3406, 2617.0, 6477, 971.4375
812, 3833, 3041.0625, 6633, 682.5625
813, 3748, 3014.9375, 6692, 864.484375
814, 3837, 2891.0625, 6841, 919.40625
815, 3301, 2462.0, 6751, 1332.3125
816, 3648, 2783.375, 6841, 1096.796875
817, 3759, 2880.3125, 6491, 927.03125
818, 3714, 3074.625, 6820, 794.65625
819, 3563, 2835.5, 6869, 944.421875
820, 3644, 2789.6875, 6789, 1053.765625
821, 3772, 2700.9375, 6670, 1198.71875
822, 3690, 3280.4375, 6549, 502.0
823, 3825, 2934.4375, 6820, 982.515625
824, 3674, 2830.625, 6548, 956.25
825, 3743, 3002.875, 5823, 461.234375
826, 3752, 2855.5, 6752, 973.859375
827, 3688, 2904.875, 6806, 1017.375
828, 3631, 2832.625, 6590, 1012.40625
829, 3765, 2979.9375, 6682, 826.34375
830, 3780, 2927.5625, 5915, 582.640625
831, 3779, 2919.9375, 6706, 1022.765625
832, 3877, 2753.3125, 6785, 920.53125
833, 3661, 3110.5, 6249, 607.515625
834, 3798, 3055.9375, 6816, 748.96875
835, 3722, 2806.8125, 6804, 871.484375
836, 3861, 3004.875, 6887, 856.140625
837, 3798, 2759.75, 6799, 1192.109375
838, 3634, 2662.1875, 6641, 1323.375
839, 3700, 2923.5, 6651, 742.671875
840, 3649, 3001.875, 6551, 764.40625
841, 3787, 2985.8125, 6579, 681.78125
842, 3661, 2694.0625, 6511, 1018.140625
843, 3748, 2788.6875, 6681, 1082.171875
844, 3561, 2804.3125, 6635, 1066.640625
845, 3819, 2889.0625, 6699, 875.4375
846, 3663, 2848.5625, 6846, 765.125
847, 3676, 2852.5625, 6817, 1130.828125
848, 3752, 2720.0625, 6644, 1023.0
849, 3685, 2815.125, 6814, 1183.28125
850, 3778, 2955.5, 6629, 962.625
851, 3795, 3058.3125, 6704, 593.703125
852, 3831, 2965.625, 6800, 971.921875
853, 3620, 2914.375, 6136, 613.3125
854, 3729, 3035.375, 6870, 813.53125
855, 3659, 3058.0, 6615, 785.40625
856, 3772, 2905.8125, 6661, 779.296875
857, 3460, 2762.8125, 6606, 1037.265625
858, 3737, 2642.375, 6876, 1305.703125
859, 3486, 2843.125, 6244, 715.921875
860, 3534, 2560.9375, 6850, 1221.09375
861, 3831, 2938.0, 6764, 822.875
862, 3688, 2624.375, 6924, 1224.25
863, 3770, 2862.9375, 6898, 924.78125
864, 3654, 2989.0625, 6869, 863.3125
865, 3769, 2592.3125, 6825, 1171.546875
866, 3718, 2866.5625, 6577, 1003.484375
867, 3645, 2757.25, 6840, 1324.75
868, 3852, 2858.125, 6766, 942.859375
869, 3607, 2803.625, 6367, 713.625
870, 3723, 2770.5625, 6868, 978.28125
871, 3703, 2676.75, 6696, 1067.90625
872, 3687, 3007.1875, 6799, 813.109375
873, 3635, 2760.6875, 6832, 1377.40625
874, 3873, 2759.4375, 6779, 948.09375
875, 3794, 3044.75, 6837, 816.953125
876, 3759, 3016.6875, 6724, 694.890625
877, 3630, 2776.75, 6809, 1138.3125
878, 3827, 2934.125, 6850, 689.234375
879, 3814, 2977.5, 6768, 959.03125
880, 3785, 3173.8125, 6420, 689.828125
881, 3766, 2725.3125, 6589, 1120.484375
882, 3765, 3090.5, 6528, 661.875
883, 3671, 2838.625, 6757, 961.90625
884, 3746, 2870.6875, 6825, 1035.6875
885, 3319, 2667.1875, 6538, 1146.359375
886, 3623, 2809.375, 6805, 1092.8125
887, 3637, 2649.875, 6871, 1025.046875
888, 3678, 3064.625, 6517, 491.4375
889, 3683, 3020.1875, 6820, 880.59375
890, 3666, 2876.4375, 6781, 981.671875
891, 3744, 2945.25, 6800, 842.1875
892, 3699, 2906.6875, 6857, 843.28125
893, 3830, 2868.5625, 6763, 981.0
894, 3669, 2851.75, 6790, 948.703125
895, 3066, 2456.0, 6832, 1294.234375
896, 3599, 2840.25, 6501, 877.078125
897, 3786, 2696.4375, 6865, 1246.75
898, 3453, 2743.4375, 6797, 1006.921875
899, 3829, 3044.125, 6795, 674.609375
900, 3497, 2644.0, 6571, 1227.90625
901, 3700, 2868.3125, 6749, 974.609375
902, 3779, 3191.0, 6631, 537.546875
903, 3730, 2723.1875, 6734, 937.96875
904, 3714, 2793.5625, 6664, 1100.453125
905, 3834, 3111.875, 6625, 645.0625
906, 3777, 2999.875, 6737, 816.484375
907, 3670, 2674.5625, 6356, 1031.640625
908, 3786, 2596.0625, 6614, 1250.296875
909, 3481, 2703.6875, 6603, 1011.59375
910, 3771, 2650.6875, 6828, 1301.65625
911, 3755, 3072.0, 6883, 647.90625
912, 3825, 2947.0625, 6824, 1065.890625
913, 3584, 2978.625, 6724, 602.265625
914, 3754, 3006.8125, 6386, 810.3125
915, 3711, 2700.5625, 6698, 1041.46875
916, 3711, 2829.25, 6889, 879.203125
917, 3750, 3139.625, 6840, 548.5625
918, 3745, 2760.875, 6825, 983.421875
919, 3695, 3062.25, 6667, 619.484375
920, 3634, 2716.75, 6721, 1179.546875
921, 3610, 2930.375, 6457, 917.171875
922, 3731, 2750.0625, 6669, 961.8125
923, 3732, 2898.3125, 6704, 533.9375
924, 3700, 2894.6875, 6878, 1236.25
925, 3615, 3050.625, 6610, 641.6875
926, 3741, 2819.625, 6585, 1046.65625
927, 3637, 2806.0, 6712, 1023.078125
928, 3862, 2877.375, 6564, 959.359375
929, 3799, 2852.4375, 6798, 1025.484375
930, 3645, 2858.8125, 6769, 836.265625
931, 3895, 3140.375, 6637, 644.5625
932, 3712, 2713.1875, 6833, 1129.828125
933, 3452, 2569.4375, 6854, 1283.21875
934, 3816, 2776.625, 6703, 1161.734375
935, 3704, 2880.625, 6716, 856.78125
936, 3721, 2676.4375, 6412, 928.140625
937, 3802, 2810.5625, 6500, 977.046875
938, 3627, 2665.625, 6864, 1335.078125
939, 3735, 3028.0625, 6808, 868.96875
940, 3583, 2926.375, 6550, 716.84375
941, 3565, 2671.625, 6523, 1175.921875
942, 3730, 2842.1875, 6707, 875.984375
943, 3467, 2786.75, 6834, 1171.28125
944, 3572, 2942.25, 6394, 751.859375
945, 3766, 2467.8125, 6884, 1773.25
946, 3622, 2687.875, 6584, 1119.109375
947, 3806, 2597.25, 6743, 1363.0
948, 3804, 2893.125, 6691, 876.515625
949, 3596, 2405.3125, 6749, 1397.734375
950, 3689, 3018.25, 6781, 646.8125
951, 3704, 2774.1875, 6828, 1120.21875
952, 3629, 2925.5625, 6662, 704.90625
953, 3551, 2706.4375, 6879, 1178.15625
954, 3598, 2787.125, 6517, 929.15625
955, 3692, 2663.6875, 6822, 1154.390625
956, 3631, 2817.25, 6808, 969.859375
957, 3723, 2692.0625, 6463, 974.96875
958, 3605, 2896.125, 6811, 902.53125
959, 3708, 2646.875, 6567, 1240.65625
960, 3530, 2789.625, 6648, 947.4375
961, 3766, 2933.9375, 6624, 707.15625
962, 3680, 3113.3125, 6791, 620.453125
963, 3724, 2699.0, 6476, 1095.109375
964, 3556, 2656.625, 6640, 991.71875
965, 3701, 2935.5625, 6824, 957.734375
966, 3738, 2790.3125, 6832, 978.296875
967, 3783, 2668.5625, 6628, 1178.625
968, 3808, 2833.5625, 6839, 1222.1875
969, 3826, 2813.0, 6201, 796.40625
970, 3748, 2856.625, 6830, 729.40625
971, 3719, 2895.75, 6779, 1061.09375
972, 3793, 2922.375, 6774, 864.34375
973, 3780, 2942.25, 6759, 971.375
974, 3697, 2907.875, 6768, 869.703125
975, 3495, 2822.375, 6772, 855.125
976, 3664, 2726.875, 6825, 1061.375
977, 3341, 2655.9375, 6645, 993.953125
978, 3557, 2731.1875, 6824, 1108.96875
979, 3801, 2762.0625, 6909, 1330.234375
980, 3636, 2788.6875, 6657, 941.78125
981, 3677, 2877.125, 6692, 868.71875
982, 3554, 2826.5, 6779, 908.78125
983, 3557, 2812.875, 6825, 932.171875
984, 3785, 3012.875, 6761, 792.375
985, 3556, 2849.4375, 6687, 938.953125
986, 3704, 2861.3125, 6765, 894.875
987, 3901, 2660.4375, 6414, 1212.1875
988, 3730, 2778.125, 6846, 962.375
989, 3800, 2799.125, 6832, 1135.984375
990, 3485, 2615.4375, 6710, 1037.28125
991, 3477, 2413.75, 6846, 1587.796875
992, 3466, 2804.875, 6827, 1051.234375
993, 3765, 2873.0, 6512, 866.71875
994, 3537, 2689.0, 6791, 1211.96875
995, 3828, 3014.625, 6592, 630.328125
996, 3704, 2892.875, 6318, 833.890625
997, 3838, 2773.3125, 6668, 1136.734375
998, 3576, 2996.0, 6613, 729.59375
999, 3494, 2785.125, 6625, 1043.578125
1000, 3762, 2809.0, 6775, 1049.125